GO_term,UNIPROT_ID,UNIPROT_name,GO_evidence_code
1905602,P07355,ANXA2,IDA
1905602,Q5SW96,LDLRAP1,IMP
1905602,P07355,ANXA2,IBA
1905602,A6NMY6,ANXA2P2,IBA
1905601,Q8NBP7,PCSK9,IDA
0048261,P02654,APOC1,IDA
0048261,P02655,APOC2,IDA
0048261,P02656,APOC3,IDA
0048261,P62330,ARF6,TAS
0048261,P63000,RAC1,TAS
0048261,Q13492,PICALM,IDA
0048261,Q9UJ41,RABGEF1,IEA
0048260,O00291,HIP1,IMP
0048260,O00585,CCL21,ISS
0048260,O95782,AP2A1,IEA
0048260,P02787,TF,IDA
0048260,P02787,TF,IGI
0048260,P04004,VTN,IDA
0048260,P05121,SERPINE1,IDA
0048260,P10909,CLU,IGI
0048260,P22681,CBL,TAS
0048260,P22681,CBL,IMP
0048260,P50897,PPT1,IMP
0048260,P61769,B2M,IGI
0048260,P61978,HNRNPK,IMP
0048260,Q02539,HIST1H1A,IEA
0048260,Q30201,HFE,IGI
0048260,Q5SW96,LDLRAP1,IMP
0048260,Q6Q788,APOA5,TAS
0048260,Q96G01,BICD1,IMP
0048260,Q99731,CCL19,ISS
0048260,Q9BQI5,SGIP1,ISS
0048260,Q9UL25,RAB21,IMP
0048260,O43426,SYNJ1,IBA
0048260,Q02539,HIST1H1A,IBA
0048260,O00291,HIP1,IBA
0048260,O75146,HIP1R,IBA
0048259,P30533,LRPAP1,IDA
0048259,Q9Y5K6,CD2AP,IEA
2000397,Q99816,TSG101,IEA
2000397,Q9UK41,VPS28,IMP
2000370,O00401,WASL,ISS
2000370,P50570,DNM2,IEA
2000370,P98082,DAB2,IMP
2000370,Q13492,PICALM,NAS
2000370,Q6P3W7,SCYL2,IDA
2000369,O60641,SNAP91,IMP
2000369,O75061,DNAJC6,IEA
2000369,O75146,HIP1R,NAS
2000369,P42338,PIK3CB,TAS
2000369,Q07912,TNK2,IDA
2000369,Q2M2I8,AAK1,IMP
2000369,Q2M2I8,AAK1,IDA
2000369,Q8IYB5,SMAP1,IEA
2000369,Q8N271,PROM2,IDA
2000369,Q99962,SH3GL2,IEA
2000369,Q8IYB5,SMAP1,IBA
0048488,O00194,RAB27B,IEA
0048488,O00429,DNM1L,IEA
0048488,O43426,SYNJ1,ISS
0048488,O43426,SYNJ1,IGI
0048488,O60331,PIP5K1C,TAS
0048488,O60890,OPHN1,IEA
0048488,P08247,SYP,IEA
0048488,P27824,CANX,ISS
0048488,P37840,SNCA,ISS
0048488,P50570,DNM2,IEA
0048488,P60709,ACTB,IEA
0048488,P62330,ARF6,IEA
0048488,P63261,ACTG1,IEA
0048488,Q00535,CDK5,TAS
0048488,Q0JRZ9,FCHO2,IEA
0048488,Q14160,SCRIB,IEA
0048488,Q15811,ITSN1,IEA
0048488,Q16143,SNCB,IEA
0048488,Q8TEH3,DENND1A,IEA
0048488,Q8WXE9,STON2,IGI
0048488,Q9BY11,PACSIN1,ISS
0048488,Q8NFZ4,NLGN2,IBA
0048488,O43426,SYNJ1,IBA
0048488,P49418,AMPH,IBA
0048488,Q9BSW7,SYT17,IBA
0048488,Q8N2Q7,NLGN1,IBA
0048488,O60890,OPHN1,IBA
0048488,P21579,SYT1,IBA
0048488,P19835,CEL,IBA
0048488,Q8N9I0,SYT2,IBA
0048488,Q8N0W4,NLGN4X,IBA
0048488,Q9NZ94,NLGN3,IBA
0048488,Q8NBV8,SYT8,IBA
0048488,O00445,SYT5,IBA
0048488,Q8NFZ3,NLGN4Y,IBA
0048488,Q2LD37,KIAA1109,IBA
0048488,Q0JRZ9,FCHO2,IBA
0090118,P01130,LDLR,IMP
0090118,Q5SW96,LDLRAP1,IMP
0090118,O75581,LRP6,IBA
2001286,P12931,SRC,IMP
2001287,Q13432,UNC119,ISS
2001287,Q8N271,PROM2,IDA
2001287,Q13432,UNC119,IBA
2001288,P56539,CAV3,IEA
2001288,Q96PU5,NEDD4L,ISS
0045807,O00418,EEF2K,IEA
0045807,O00548,DLL1,ISS
0045807,O60635,TSPAN1,IMP
0045807,O75955,FLOT1,IMP
0045807,P01130,LDLR,ISS
0045807,P02649,APOE,IDA
0045807,P08571,CD14,IEA
0045807,P37840,SNCA,IDA
0045807,P41221,WNT5A,IEA
0045807,P48509,CD151,IDA
0045807,P48509,CD151,IMP
0045807,P51654,GPC3,ISS
0045807,P63010,AP2B1,IEA
0045807,P84077,ARF1,IEA
0045807,P98082,DAB2,IMP
0045807,Q07954,LRP1,IGI
0045807,Q08209,PPP3CA,IEA
0045807,Q75N03,CBLL1,ISS
0045807,Q86YT6,MIB1,IEA
0045807,Q96DZ5,CLIP3,IMP
0045807,Q96PU5,NEDD4L,NAS
0045807,Q99731,CCL19,ISS
0045807,Q9NYX4,CALY,IMP
0045807,Q9UP52,TFR2,IGI
0045807,P08962,CD63,IBA
0045806,P17931,LGALS3,IDA
0045806,P29320,EPHA3,IDA
0045806,Q13614,MTMR2,ISS
0045806,Q15139,PRKD1,TAS
0045806,Q6DN14,MCTP1,ISS
0045806,Q6UWE0,LRSAM1,IMP
0045806,Q8NHL6,LILRB1,IDA
0045806,Q8TAC9,SCAMP5,IDA
0045806,Q8WV41,SNX33,IDA
0045806,Q92622,RUBCN,IMP
0045806,Q9UKS6,PACSIN3,ISS
0045806,Q9UNF0,PACSIN2,IEA
0006897,A0FGR8,ESYT2,IEA
0006897,O00443,PIK3C2A,IMP
0006897,O00499,BIN1,TAS
0006897,O15118,NPC1,IEA
0006897,O15357,INPPL1,IMP
0006897,O43586,PSTPIP1,IEA
0006897,O60449,LY75,IEA
0006897,O60784,TOM1,NAS
0006897,O75096,LRP4,IEA
0006897,O75197,LRP5,IEA
0006897,O95208,EPN2,IEA
0006897,O95405,ZFYVE9,NAS
0006897,O95782,AP2A1,NAS
0006897,P01112,HRAS,IEA
0006897,P01130,LDLR,TAS
0006897,P05067,APP,ISS
0006897,P08247,SYP,ISS
0006897,P10912,GHR,IEA
0006897,P15531,NME1,IEA
0006897,P20339,RAB5A,IDA
0006897,P36575,ARR3,IEA
0006897,P48736,PIK3CG,IEA
0006897,P49418,AMPH,TAS
0006897,P49815,TSC2,TAS
0006897,P50570,DNM2,NAS
0006897,P51149,RAB7A,TAS
0006897,P51693,APLP1,IEA
0006897,P56539,CAV3,ISS
0006897,P62820,RAB1A,IMP
0006897,P98164,LRP2,TAS
0006897,Q01484,ANK2,IEA
0006897,Q05193,DNM1,TAS
0006897,Q05193,DNM1,IMP
0006897,Q07817,BCL2L1,IEA
0006897,Q07912,TNK2,IEA
0006897,Q12965,MYO1E,IMP
0006897,Q13432,UNC119,IEA
0006897,Q13671,RIN1,IEA
0006897,Q14114,LRP8,IDA
0006897,Q14677,CLINT1,IEA
0006897,Q14C86,GAPVD1,IEA
0006897,Q15075,EEA1,IMP
0006897,Q15276,RABEP1,IEA
0006897,Q15465,SHH,IEA
0006897,Q15642,TRIP10,IEA
0006897,Q16555,DPYSL2,IMP
0006897,Q16760,DGKD,IEA
0006897,Q2M2I8,AAK1,IEA
0006897,Q53S48,STON1-GTF2A1L,IEA
0006897,Q5R372,RABGAP1L,IEA
0006897,Q5S007,LRRK2,IGI
0006897,Q5S007,LRRK2,IMP
0006897,Q5T1M5,FKBP15,IEA
0006897,Q6ZMJ2,SCARA5,ISS
0006897,Q6ZS11,RINL,ISS
0006897,Q7LC44,ARC,IEA
0006897,Q86UD3,3-Mar,IEA
0006897,Q8IUN9,CLEC10A,IEA
0006897,Q8IVI9,NOSTRIN,IEA
0006897,Q8N1N0,CLEC4F,IEA
0006897,Q8N3F8,MICALL1,IMP
0006897,Q8NC96,NECAP1,IEA
0006897,Q8NDI1,EHBP1,IEA
0006897,Q8NFT2,STEAP2,IDA
0006897,Q8NFT8,DNER,NAS
0006897,Q8TB24,RIN3,NAS
0006897,Q8TEH3,DENND1A,IMP
0006897,Q8TEY7,USP33,IEA
0006897,Q8WV41,SNX33,IMP
0006897,Q8WWQ8,STAB2,ISS
0006897,Q8WYP3,RIN2,IEA
0006897,Q96B97,SH3KBP1,IEA
0006897,Q96ED9,HOOK2,TAS
0006897,Q96LT7,C9orf72,IMP
0006897,Q96RF0,SNX18,IDA
0006897,Q96RF0,SNX18,IMP
0006897,Q96RU3,FNBP1,IEA
0006897,Q96T51,RUFY1,IEA
0006897,Q99418,CYTH2,TAS
0006897,Q99523,SORT1,IDA
0006897,Q99963,SH3GL3,IEA
0006897,Q9BZZ2,SIGLEC1,IEA
0006897,Q9H2X3,CLEC4M,IEA
0006897,Q9H4M9,EHD1,IMP
0006897,Q9H5N1,RABEP2,IEA
0006897,Q9NNX6,CD209,IEA
0006897,Q9NQ60,EQTN,IEA
0006897,Q9NVZ3,NECAP2,ISS
0006897,Q9NZM3,ITSN2,IEA
0006897,Q9NZN4,EHD2,IEA
0006897,Q9P0N8,2-Mar,IEA
0006897,Q9P0V3,SH3BP4,IEA
0006897,Q9P2R3,ANKFY1,IEA
0006897,Q9UBC2,EPS15L1,IEA
0006897,Q9UBG0,MRC2,IEA
0006897,Q9UI12,ATP6V1H,IDA
0006897,Q9UJ41,RABGEF1,IEA
0006897,Q9UKS6,PACSIN3,IEA
0006897,Q9UL26,RAB22A,IDA
0006897,Q9UM54,MYO6,ISS
0006897,Q9UM54,MYO6,IMP
0006897,Q9UMZ2,SYNRG,IEA
0006897,Q9UQ16,DNM3,ISS
0006897,Q9Y2K6,USP20,IEA
0006897,Q9Y561,LRP12,NAS
0006897,Q9Y5X1,SNX9,IMP
0006897,Q9Y6I3,EPN1,IEA
0006897,Q9Y6Q2,STON1,IEA
0006897,Q9HCP0,CSNK1G1,IBA
0006897,Q7L0Q8,RHOU,IBA
0006897,Q86XA9,HEATR5A,IBA
0006897,Q53EQ6,TIGD5,IBA
0006897,Q8TF74,WIPF2,IBA
0006897,Q8IV53,DENND1C,IBA
0006897,O43861,ATP9B,IBA
0006897,Q96LT7,C9orf72,IBA
0006897,A6NGB9,WIPF3,IBA
0006897,Q9NQ60,EQTN,IBA
0006897,Q9Y6M4,CSNK1G3,IBA
0006897,Q9H4E5,RHOJ,IBA
0006897,O75110,ATP9A,IBA
0006897,Q8TEH3,DENND1A,IBA
0006897,P78368,CSNK1G2,IBA
0006897,P42768,WAS,IBA
0006897,P17081,RHOQ,IBA
0006897,P49674,CSNK1E,IBA
0006897,Q96L33,RHOV,IBA
0006897,Q15311,RALBP1,IBA
0006897,O43516,WIPF1,IBA
0006897,Q8NEB9,PIK3C3,IBA
0006897,Q9UEW3,MARCO,IBA
0006897,Q86YT6,MIB1,IBA
0006897,Q9UL26,RAB22A,IBA
0006897,Q6P3S1,DENND1B,IBA
0006897,Q9P2D3,HEATR5B,IBA
0006897,O00401,WASL,IBA
0006897,P60953,CDC42,IBA
0006898,A0A075B6P5,IGKV2-28,TAS
0006898,A0A075B6S6,IGKV2D-30,TAS
0006898,A0A0C4DH25,IGKV3D-20,TAS
0006898,A0A0C4DH73,IGKV1-12,TAS
0006898,A0A2R8Y3M9,A0A2R8Y3M9,IEA
0006898,A0M8Q6,IGLC7,TAS
0006898,A1L4H1,SSC5D,IEA
0006898,A2NJV5,IGKV2-29,TAS
0006898,O00590,ACKR2,IEA
0006898,O14638,ENPP3,IEA
0006898,O14791,APOL1,TAS
0006898,O14976,GAK,IMP
0006898,O15393,TMPRSS2,IEA
0006898,O43866,CD5L,IEA
0006898,O60494,CUBN,NAS
0006898,O75074,LRP3,TAS
0006898,O75146,HIP1R,IMP
0006898,P00738,HP,TAS
0006898,P00739,HPR,TAS
0006898,P01130,LDLR,ISS
0006898,P01591,JCHAIN,TAS
0006898,P01593,IGKV1D-33,TAS
0006898,P01594,IGKV1-33,TAS
0006898,P01597,IGKV1-39,TAS
0006898,P01599,IGKV1-17,TAS
0006898,P01601,IGKV1D-16,TAS
0006898,P01602,IGKV1-5,TAS
0006898,P01611,IGKV1D-12,TAS
0006898,P01614,IGKV2D-40,TAS
0006898,P01615,IGKV2D-28,TAS
0006898,P01619,IGKV3-20,TAS
0006898,P01624,IGKV3-15,TAS
0006898,P01699,IGLV1-44,TAS
0006898,P01700,IGLV1-47,TAS
0006898,P01701,IGLV1-51,TAS
0006898,P01703,IGLV1-40,TAS
0006898,P01704,IGLV2-14,TAS
0006898,P01705,IGLV2-23,TAS
0006898,P01706,IGLV2-11,TAS
0006898,P01709,IGLV2-8,TAS
0006898,P01714,IGLV3-19,TAS
0006898,P01715,IGLV3-1,TAS
0006898,P01717,IGLV3-25,TAS
0006898,P01718,IGLV3-27,TAS
0006898,P01721,IGLV6-57,TAS
0006898,P01742,IGHV1-69,TAS
0006898,P01743,IGHV1-46,TAS
0006898,P01762,IGHV3-11,TAS
0006898,P01763,IGHV3-48,TAS
0006898,P01764,IGHV3-23,TAS
0006898,P01766,IGHV3-13,TAS
0006898,P01767,IGHV3-53,TAS
0006898,P01768,IGHV3-30,TAS
0006898,P01772,IGHV3-33,TAS
0006898,P01780,IGHV3-7,TAS
0006898,P01782,IGHV3-9,TAS
0006898,P01814,IGHV2-70,TAS
0006898,P01817,IGHV2-5,TAS
0006898,P01824,IGHV4-39,TAS
0006898,P01825,IGHV4-59,TAS
0006898,P01834,IGKC,TAS
0006898,P01876,IGHA1,TAS
0006898,P01877,IGHA2,TAS
0006898,P02647,APOA1,TAS
0006898,P02649,APOE,IDA
0006898,P02649,APOE,TAS
0006898,P02760,AMBP,TAS
0006898,P02768,ALB,TAS
0006898,P02790,HPX,TAS
0006898,P04004,VTN,IEA
0006898,P04114,APOB,TAS
0006898,P04211,IGLV7-43,TAS
0006898,P04430,IGKV1-16,TAS
0006898,P04432,IGKV1D-39,TAS
0006898,P04433,IGKV3-11,TAS
0006898,P05156,CFI,IEA
0006898,P06127,CD5,IEA
0006898,P06310,IGKV2-30,TAS
0006898,P06312,IGKV4-1,TAS
0006898,P06315,IGKV5-2,TAS
0006898,P06331,IGHV4-34,TAS
0006898,P07306,ASGR1,TAS
0006898,P07307,ASGR2,IEA
0006898,P07550,ADRB2,IDA
0006898,P07900,HSP90AA1,TAS
0006898,P08571,CD14,IEA
0006898,P09486,SPARC,TAS
0006898,P0CF74,IGLC6,TAS
0006898,P0CG04,IGLC1,TAS
0006898,P0DJI8,SAA1,TAS
0006898,P11717,IGF2R,TAS
0006898,P12314,FCGR1A,TAS
0006898,P13945,ADRB3,IDA
0006898,P14207,FOLR2,IC
0006898,P14625,HSP90B1,TAS
0006898,P15328,FOLR1,TAS
0006898,P16671,CD36,TAS
0006898,P20645,M6PR,TAS
0006898,P21128,ENDOU,IEA
0006898,P21757,MSR1,NAS
0006898,P21757,MSR1,TAS
0006898,P22413,ENPP1,IEA
0006898,P22897,MRC1,IDA
0006898,P23083,IGHV1-2,TAS
0006898,P25090,FPR2,ISS
0006898,P27797,CALR,TAS
0006898,P30203,CD6,IEA
0006898,P31994,FCGR2B,IDA
0006898,P35247,SFTPD,TAS
0006898,P37173,TGFBR2,IEA
0006898,P48740,MASP1,TAS
0006898,P50570,DNM2,ISS
0006898,P50897,PPT1,IMP
0006898,P53675,CLTCL1,IDA
0006898,P56730,PRSS12,IEA
0006898,P57727,TMPRSS3,IEA
0006898,P58215,LOXL3,IEA
0006898,P61966,AP1S1,TAS
0006898,P68871,HBB,TAS
0006898,P69905,HBA1,TAS
0006898,P80748,IGLV3-21,TAS
0006898,P98073,TMPRSS15,IEA
0006898,P98082,DAB2,IEA
0006898,P98155,VLDLR,IDA
0006898,P98160,HSPG2,ISS
0006898,P98164,LRP2,ISS
0006898,P98164,LRP2,IDA
0006898,Q00610,CLTC,IMP
0006898,Q01518,CAP1,IEA
0006898,Q05193,DNM1,IMP
0006898,Q07954,LRP1,ISS
0006898,Q07954,LRP1,IMP
0006898,Q07954,LRP1,TAS
0006898,Q08380,LGALS3BP,IEA
0006898,Q13018,PLA2R1,IEA
0006898,Q13286,CLN3,IMP
0006898,Q13492,PICALM,ISS
0006898,Q13492,PICALM,IDA
0006898,Q13822,ENPP2,IEA
0006898,Q14108,SCARB2,IEA
0006898,Q14114,LRP8,IEA
0006898,Q14162,SCARF1,TAS
0006898,Q14247,CTTN,ISS
0006898,Q15036,SNX17,IEA
0006898,Q15109,AGER,IEA
0006898,Q4G0T1,Q4G0T1,IEA
0006898,Q5KU26,COLEC12,TAS
0006898,Q5SW96,LDLRAP1,IDA
0006898,Q6AZY7,SCARA3,IEA
0006898,Q6UX01,LMBR1L,IMP
0006898,Q6UXF1,TMEM108,ISS
0006898,Q6UXN8,CLEC9A,IDA
0006898,Q6ZMJ2,SCARA5,IEA
0006898,Q6ZUM4,ARHGAP27,ISS
0006898,Q7Z4F1,LRP10,IEA
0006898,Q7Z6M1,RABEPK,TAS
0006898,Q86SU0,ILDR1,IEA
0006898,Q86VB7,CD163,TAS
0006898,Q86YD5,LDLRAD3,IEA
0006898,Q8IVN8,SBSPON,IEA
0006898,Q8N3F8,MICALL1,IMP
0006898,Q8WTU2,SSC4D,IEA
0006898,Q8WTV0,SCARB1,TAS
0006898,Q8WWQ8,STAB2,TAS
0006898,Q92558,WASF1,ISS
0006898,Q92598,HSPH1,TAS
0006898,Q92637,FCGR1B,TAS
0006898,Q92673,SORL1,TAS
0006898,Q92954,PRG4,IEA
0006898,Q96D71,REPS1,IEA
0006898,Q96JB6,LOXL4,IEA
0006898,Q96JK4,HHIPL1,IEA
0006898,Q96JS3,PGBD1,IEA
0006898,Q96KG7,MEGF10,IEA
0006898,Q96PL1,SCGB3A2,TAS
0006898,Q9BWP8,COLEC11,TAS
0006898,Q9BXJ7,AMN,IDA
0006898,Q9BXJ7,AMN,IMP
0006898,Q9BYE2,TMPRSS13,IEA
0006898,Q9GZM7,TINAGL1,IEA
0006898,Q9H2A7,CXCL16,NAS
0006898,Q9H3S3,TMPRSS5,IEA
0006898,Q9NPB9,ACKR4,IEA
0006898,Q9NR12,PDLIM7,TAS
0006898,Q9NR16,CD163L1,IEA
0006898,Q9NRS4,TMPRSS4,IEA
0006898,Q9NY15,STAB1,TAS
0006898,Q9NZ94,NLGN3,ISS
0006898,Q9NZR2,LRP1B,TAS
0006898,Q9UBF8,PI4KB,TAS
0006898,Q9UEW3,MARCO,TAS
0006898,Q9UGM3,DMBT1,IEA
0006898,Q9UGT4,SUSD2,IEA
0006898,Q9UJ71,CD207,TAS
0006898,Q9UJU6,DBNL,IEA
0006898,Q9UJW2,TINAG,IEA
0006898,Q9UP52,TFR2,IGI
0006898,Q9Y2I7,PIKFYVE,IMP
0006898,Q9Y4K0,LOXL2,IEA
0006898,Q9Y4L1,HYOU1,TAS
0006898,Q9Y561,LRP12,IEA
0006898,Q9Y5X1,SNX9,IMP
0006898,P50897,PPT1,IBA
0006898,Q6UXN8,CLEC9A,IBA
0006898,O14976,GAK,IBA
0006898,O75061,DNAJC6,IBA
0006898,Q00610,CLTC,IBA
0006898,O75165,DNAJC13,IBA
0006898,P53675,CLTCL1,IBA
1900186,Q13432,UNC119,ISS
1900186,Q99963,SH3GL3,IEA
1900186,Q9BT88,SYT11,IEA
1900186,Q9UHD9,UBQLN2,IMP
1900186,Q13432,UNC119,IBA
1900243,Q9BT88,SYT11,IEA
1900242,O43581,SYT7,IEA
1900242,O75379,VAMP4,IEA
1900242,P0DP23,CALM1,IEA
1900242,P0DP25,CALM3,IEA
1900242,P16298,PPP3CB,IEA
1900242,P52824,DGKQ,IEA
1900242,Q13464,ROCK1,IGI
1900242,Q96Q07,BTBD9,IEA
1900242,Q9P2U7,SLC17A7,IEA
1900244,O00429,DNM1L,IEA
1900244,O14656,TOR1A,IMP
1900244,P48454,PPP3CC,IEA
1900244,Q05193,DNM1,IEA
1900244,Q5S007,LRRK2,IEA
1900244,Q8N2Q7,NLGN1,ISS
1900244,Q99961,SH3GL1,IEA
0030100,O00291,HIP1,NAS
0030100,O00499,BIN1,IEA
0030100,O75146,HIP1R,IMP
0030100,O75146,HIP1R,NAS
0030100,P00519,ABL1,TAS
0030100,P18031,PTPN1,IDA
0030100,P42684,ABL2,TAS
0030100,P49815,TSC2,ISS
0030100,P53680,AP2S1,TAS
0030100,P55290,CDH13,IMP
0030100,P57105,SYNJ2BP,IEA
0030100,Q13492,PICALM,IMP
0030100,Q15036,SNX17,NAS
0030100,Q53S48,STON1-GTF2A1L,IEA
0030100,Q7Z3T8,ZFYVE16,TAS
0030100,Q8N6Q3,CD177,IDA
0030100,Q8N6T3,ARFGAP1,IEA
0030100,Q8WXA3,RUFY2,ISS
0030100,Q8WXE9,STON2,ISS
0030100,Q96T51,RUFY1,IPI
0030100,Q99578,RIT2,IMP
0030100,Q9H223,EHD4,IEA
0030100,Q9H2B2,SYT4,IEA
0030100,Q9UMY4,SNX12,IMP
0030100,Q9Y6Q2,STON1,IDA
0030100,Q9NX57,RAB20,IBA
0030100,Q9H0T7,RAB17,IBA
0030100,Q2M2I8,AAK1,IBA
0030100,P61020,RAB5B,IBA
0030100,Q8WXE9,STON2,IBA
0030100,P61018,RAB4B,IBA
0030100,Q9NSY1,BMP2K,IBA
0030100,Q8N6T3,ARFGAP1,IBA
0030100,K7ERQ8,K7ERQ8,IBA
0030100,P20339,RAB5A,IBA
0030100,P51148,RAB5C,IBA
0030100,P20338,RAB4A,IBA
0030100,Q96T51,RUFY1,IBA
0030100,Q9Y6Q2,STON1,IBA
0030100,O60890,OPHN1,IBA
0070086,A8MQ27,NEURL1B,ISS
0070086,Q6UWE0,LRSAM1,IDA
0070086,Q6UWE0,LRSAM1,IBA
0019065,P42566,EPS15,IMP
0019065,P51636,CAV2,IGI
0019065,Q03135,CAV1,IGI
1990771,P13612,ITGA4,IEA
0150007,Q9UPP5,KIAA1107,ISS
0072584,P27361,MAPK3,TAS
0072584,P28482,MAPK1,TAS
0072584,Q03135,CAV1,IDA
0072584,Q15049,MLC1,ISS
0072584,Q9UNF0,PACSIN2,IMP
0072583,O00291,HIP1,IEA
0072583,O00548,DLL1,ISS
0072583,O14526,FCHO1,IMP
0072583,O14976,GAK,IMP
0072583,O60331,PIP5K1C,TAS
0072583,O94973,AP2A2,TAS
0072583,O95782,AP2A1,TAS
0072583,P27824,CANX,ISS
0072583,P53680,AP2S1,TAS
0072583,P63010,AP2B1,TAS
0072583,Q00610,CLTC,IMP
0072583,Q05193,DNM1,IEA
0072583,Q0JRZ9,FCHO2,IMP
0072583,Q13492,PICALM,IMP
0072583,Q5T0N5,FNBP1L,IDA
0072583,Q5VW38,GPR107,IEA
0072583,Q6PK57,DNM1P34,IEA
0072583,Q86UD5,SLC9B2,IEA
0072583,Q96CW1,AP2M1,TAS
0072583,Q9BQI5,SGIP1,IEA
0072583,Q9Y2H2,INPP5F,ISS
0072583,P09497,CLTB,IBA
0072583,Q0JRZ9,FCHO2,IBA
0072583,P09496,CLTA,IBA
0072583,O75061,DNAJC6,IBA
0072583,Q9BQI5,SGIP1,IBA
0072583,O14976,GAK,IBA
0072583,O14526,FCHO1,IBA
0061714,P14207,FOLR2,IC
0061714,P14207,FOLR2,IDA
0061714,P15328,FOLR1,IC
0061714,P15328,FOLR1,IMP
0099627,P42857,NSG1,ISS
0099630,P42857,NSG1,ISS
0099590,P60880,SNAP25,IEA
0099590,Q9Y698,CACNG2,IEA
0099590,Q8WXS5,CACNG8,IBA
0099590,P62955,CACNG7,IBA
0099590,O60359,CACNG3,IBA
0099590,Q9UBN1,CACNG4,IBA
0099590,Q9Y698,CACNG2,IBA
0099590,Q9UF02,CACNG5,IBA
0099504,Q5T5C0,STXBP5,IEA
0099504,Q8TDC3,BRSK1,ISS
0034447,P02649,APOE,IDA
0034447,P02649,APOE,IMP
0034447,P02654,APOC1,IGI
0034447,P02654,APOC1,TAS
0034447,P04114,APOB,TAS
0034447,P55056,APOC4,TAS
0034447,P98155,VLDLR,IDA
0034447,P98155,VLDLR,TAS
0034447,Q0VD83,APOBR,TAS
0034381,P01130,LDLR,TAS
0034381,P16671,CD36,ISS
0034381,P21757,MSR1,ISS
0034381,P21757,MSR1,IBA
0034384,O60494,CUBN,TAS
0034384,O95445,APOM,ISS
0034384,P02647,APOA1,IC
0034384,P02647,APOA1,TAS
0034384,P02649,APOE,IDA
0034384,P02652,APOA2,IDA
0034384,P02655,APOC2,IMP
0034384,Q00341,HDLBP,TAS
0034384,Q8WTV0,SCARB1,IDA
0034384,Q8WTV0,SCARB1,TAS
0034384,Q9BXJ7,AMN,TAS
0034384,P02655,APOC2,IBA
0034383,O15118,NPC1,TAS
0034383,O75908,SOAT2,TAS
0034383,O94973,AP2A2,TAS
0034383,O95782,AP2A1,TAS
0034383,P01130,LDLR,IMP
0034383,P01130,LDLR,TAS
0034383,P04114,APOB,IMP
0034383,P04114,APOB,TAS
0034383,P09496,CLTA,TAS
0034383,P09601,HMOX1,TAS
0034383,P16671,CD36,IMP
0034383,P35610,SOAT1,TAS
0034383,P38571,LIPA,TAS
0034383,P53680,AP2S1,TAS
0034383,P61916,NPC2,TAS
0034383,P63010,AP2B1,TAS
0034383,Q00610,CLTC,TAS
0034383,Q15848,ADIPOQ,IDA
0034383,Q5SW96,LDLRAP1,IMP
0034383,Q6PIU2,NCEH1,TAS
0034383,Q6UWW8,CES3,TAS
0034383,Q8NBP7,PCSK9,TAS
0034383,Q8WTV0,SCARB1,ISS
0034383,Q96CW1,AP2M1,TAS
0034383,Q96PD7,DGAT2,ISS
0034383,Q9H4M9,EHD1,ISS
0034382,P01130,LDLR,TAS
0034382,P02649,APOE,IMP
0034382,P02649,APOE,TAS
0034382,P02654,APOC1,IDA
0034382,P02655,APOC2,IDA
0034382,P02656,APOC3,IDA
0034382,P04114,APOB,TAS
0034382,P11150,LIPC,TAS
0034382,Q96S06,LMF1,IEA
0034382,P02655,APOC2,IBA
0090321,Q8IV16,GPIHBP1,ISS
0090382,O14795,UNC13B,IEA
0090382,P51149,RAB7A,TAS
0090382,P61106,RAB14,IEA
0090382,Q13636,RAB31,IMP
0090382,Q13637,RAB32,IMP
0090382,Q86YS6,RAB43,IMP
0090382,Q9BZG1,RAB34,IMP
0051036,P20339,RAB5A,IMP
0051036,Q96Q42,ALS2,IEP
0036465,O00755,WNT7A,TAS
0036465,O14939,PLD2,TAS
0036465,O43581,SYT7,ISS
0036465,P20336,RAB3A,ISS
0036465,P20339,RAB5A,IDA
0036465,P56704,WNT3A,TAS
0035037,Q05086,UBE3A,IEA
0010916,P02654,APOC1,IDA
0010916,P02655,APOC2,IDA
0010916,P02656,APOC3,IDA
0010916,P30533,LRPAP1,IDA
0010916,P02656,APOC3,IBA
0010916,P02655,APOC2,IBA
0038009,P56539,CAV3,IMP
0038024,P22897,MRC1,IDA
0038024,P25090,FPR2,ISS
0038024,P42566,EPS15,IEA
0038024,P98082,DAB2,IMP
0038024,Q9NYX4,CALY,IEA
0038024,O60494,CUBN,IBA
0038016,P13688,CEACAM1,ISS
0038016,Q9NUN5,LMBRD1,IEA
0010987,P02656,APOC3,IMP
0010987,P02656,APOC3,IBA
0010986,P01130,LDLR,ISS
0010989,P02656,APOC3,IMP
0010989,P41240,CSK,IEA
0010989,Q09428,ABCC8,IEA
0010989,Q8NBP7,PCSK9,IDA
0010989,Q8WY64,MYLIP,IEA
0010989,Q92945,KHSRP,IGI
0010989,Q9UHD0,IL19,IEA
0010989,P02656,APOC3,IBA
0010988,P61978,HNRNPK,IMP
0010988,Q96RI1,NR1H4,IDA
0010988,Q9NSA1,FGF21,NAS
0010988,Q9Y2B0,CNPY2,ISS
0010983,P80108,GPLD1,ISS
0010983,Q9Y5X9,LIPG,IMP
1990075,O75445,USH2A,IEA
1990075,O75695,RP2,IEA
1990075,Q92845,KIFAP3,IEA
1990075,Q9P202,WHRN,IEA
1990075,Q9P2E2,KIF17,IEA
0099149,O60890,OPHN1,EXP
0099149,O60890,OPHN1,IDA
0099149,O60890,OPHN1,IMP
0099149,P05106,ITGB3,EXP
0099149,P05106,ITGB3,IDA
0099149,P21917,DRD4,IEA
0099149,P35462,DRD3,IEA
0099149,P49757,NUMB,IEA
0099149,P62068,USP46,IEA
0099149,P84074,HPCA,IEA
0099149,Q14160,SCRIB,IEA
0099149,Q6UXU4,GSG1L,IEA
0099149,Q7LC44,ARC,IEA
0099149,Q8NBU5,ATAD1,IEA
0045713,P37231,PPARG,IDA
0006909,O43581,SYT7,ISS
0006909,O60331,PIP5K1C,TAS
0006909,O75871,CEACAM4,IDA
0006909,O75896,TUSC2,IEA
0006909,P04083,ANXA1,ISS
0006909,P05556,ITGB1,ISS
0006909,P08571,CD14,TAS
0006909,P12429,ANXA3,IDA
0006909,P16284,PECAM1,IDA
0006909,P19878,NCF2,IEA
0006909,P20339,RAB5A,IEA
0006909,P20701,ITGAL,IEA
0006909,P23769,GATA2,IEA
0006909,P29274,ADORA2A,TAS
0006909,P30530,AXL,IDA
0006909,P30542,ADORA1,TAS
0006909,P31146,CORO1A,IMP
0006909,P32942,ICAM3,IEA
0006909,P41159,LEP,IEA
0006909,P48357,LEPR,IEA
0006909,P49279,SLC11A1,ISS
0006909,P50570,DNM2,IEA
0006909,P50995,ANXA11,IEP
0006909,Q02556,IRF8,IEA
0006909,Q07954,LRP1,NAS
0006909,Q12866,MERTK,IMP
0006909,Q13291,SLAMF1,IEA
0006909,Q14393,GAS6,IDA
0006909,Q14696,MESD,ISS
0006909,Q15077,P2RY6,ISS
0006909,Q15080,NCF4,IEA
0006909,Q15744,CEBPE,IEA
0006909,Q70J99,UNC13D,IEA
0006909,Q8IX05,CD302,IDA
0006909,Q8IZY2,ABCA7,IEA
0006909,Q92544,TM9SF4,IMP
0006909,Q92622,RUBCN,IEA
0006909,Q96BJ8,ELMO3,IEA
0006909,Q99755,PIP5K1A,TAS
0006909,Q9BQI3,EIF2AK1,IEA
0006909,Q9NPY3,CD93,NAS
0006909,Q9NRR3,CDC42SE2,IEA
0006909,Q9NRR8,CDC42SE1,IEA
0006909,Q9ULV4,CORO1C,TAS
0006909,Q9UMF0,ICAM5,IEA
0006909,P30530,AXL,IBA
0006909,Q12866,MERTK,IBA
0006909,P24158,PRTN3,IBA
0006909,P50995,ANXA11,IBA
0006909,P08581,MET,IBA
0006909,P04083,ANXA1,IBA
0006909,P08246,ELANE,IBA
0006909,Q96BZ4,PLD4,IBA
0006909,P12429,ANXA3,IBA
0006907,P02765,AHSG,NAS
0006907,P50897,PPT1,IMP
0006907,Q9H223,EHD4,IEA
0006907,Q9Y5X3,SNX5,IDA
0031623,O60894,RAMP1,IDA
0031623,O60895,RAMP2,IDA
0031623,O60896,RAMP3,IDA
0031623,P02786,TFRC,IDA
0031623,P05107,ITGB2,ISS
0031623,P05556,ITGB1,ISS
0031623,P10145,CXCL8,IDA
0031623,P15311,EZR,IEA
0031623,P16671,CD36,ISS
0031623,P21926,CD9,ISS
0031623,P22303,ACHE,IEA
0031623,P25024,CXCR1,IDA
0031623,P25025,CXCR2,IDA
0031623,P25098,GRK2,IDA
0031623,P25106,ACKR3,IMP
0031623,P30273,FCER1G,ISS
0031623,P32121,ARRB2,IDA
0031623,P32298,GRK4,IDA
0031623,P35318,ADM,IDA
0031623,P35626,GRK3,IDA
0031623,P37840,SNCA,IDA
0031623,P42261,GRIA1,IEA
0031623,P43405,SYK,ISS
0031623,P46934,NEDD4,IDA
0031623,P50570,DNM2,IMP
0031623,P60033,CD81,ISS
0031623,P62993,GRB2,IMP
0031623,Q00610,CLTC,IMP
0031623,Q02246,CNTN2,IEA
0031623,Q03135,CAV1,IDA
0031623,Q07954,LRP1,TAS
0031623,Q13492,PICALM,IMP
0031623,Q13596,SNX1,IMP
0031623,Q13636,RAB31,IMP
0031623,Q16602,CALCRL,IDA
0031623,Q5SW96,LDLRAP1,IMP
0031623,Q8NHL6,LILRB1,TAS
0031623,Q96CW1,AP2M1,IMP
0031623,O60894,RAMP1,IBA
0031623,Q9UQ16,DNM3,IBA
0031623,P50570,DNM2,IBA
0031623,Q05193,DNM1,IBA
0031623,O60895,RAMP2,IBA
0031623,P46934,NEDD4,IBA
0031623,O60896,RAMP3,IBA
0030229,P01130,LDLR,IDA
0030229,P98155,VLDLR,TAS
0030229,P98155,VLDLR,IDA
0030229,Q14114,LRP8,IDA
0030229,Q0VD83,APOBR,IBA
0030122,O00291,HIP1,IDA
0030122,O94973,AP2A2,TAS
0030122,O95782,AP2A1,NAS
0030122,O95782,AP2A1,TAS
0030122,P00533,EGFR,TAS
0030122,P42566,EPS15,IEA
0030122,P53680,AP2S1,TAS
0030122,P63010,AP2B1,IMP
0030122,P63010,AP2B1,TAS
0030122,Q13492,PICALM,IDA
0030122,Q5SW96,LDLRAP1,IDA
0030122,Q92609,TBC1D5,IDA
0030122,Q96CW1,AP2M1,TAS
0030122,Q9BQI5,SGIP1,ISS
0030122,Q9UPP5,KIAA1107,IDA
0030122,O00291,HIP1,IBA
0030122,Q16572,SLC18A3,IBA
0030122,Q0JRZ9,FCHO2,IBA
0030122,Q9BQI5,SGIP1,IBA
0030122,O75146,HIP1R,IBA
0030122,O14526,FCHO1,IBA
0098843,P42262,GRIA2,NAS
0098843,Q9NWF9,RNF216,IEA
0098843,Q9NYX4,CALY,EXP
0098843,Q9NYX4,CALY,IDA
0098884,P42566,EPS15,IEA
0098884,P63010,AP2B1,IEA
0098884,Q9NYX4,CALY,IEA
0098884,Q9UQ16,DNM3,IEA
0098884,P50570,DNM2,IBA
0098884,O43426,SYNJ1,IBA
0098884,Q05193,DNM1,IBA
0098884,Q9UQ16,DNM3,IBA
0005856,A6NJZ7,RIMBP3C,IEA
0005856,A6NNM3,RIMBP3B,IEA
0005856,O00151,PDLIM1,IEA
0005856,O00291,HIP1,TAS
0005856,O00499,BIN1,IDA
0005856,O00519,FAAH,IEA
0005856,O00560,SDCBP,NAS
0005856,O14604,TMSB4Y,IEA
0005856,O14656,TOR1A,IEA
0005856,O14682,ENC1,IEA
0005856,O14713,ITGB1BP1,ISS
0005856,O14966,RAB29,IEA
0005856,O15056,SYNJ2,IEA
0005856,O15083,ERC2,IEA
0005856,O15259,NPHP1,IEA
0005856,O15296,ALOX15B,IDA
0005856,O15357,INPPL1,IEA
0005856,O43166,SIPA1L1,IEA
0005856,O43294,TGFB1I1,IEA
0005856,O43353,RIPK2,IDA
0005856,O43464,HTRA2,IDA
0005856,O43556,SGCE,IEA
0005856,O43586,PSTPIP1,IEA
0005856,O43597,SPRY2,ISS
0005856,O43602,DCX,TAS
0005856,O43924,PDE6D,IEA
0005856,O60299,LZTS3,IEA
0005856,O60303,KIAA0556,IEA
0005856,O60437,PPL,IEA
0005856,O60487,MPZL2,TAS
0005856,O60504,SORBS3,IEA
0005856,O60662,KLHL41,ISS
0005856,O60674,JAK2,IEA
0005856,O75112,LDB3,IDA
0005856,O75146,HIP1R,IEA
0005856,O75506,HSBP1,IEA
0005856,O75592,MYCBP2,IEA
0005856,O75915,ARL6IP5,IEA
0005856,O75952,CABYR,IEA
0005856,O94887,FARP2,IEA
0005856,P00491,PNP,IEA
0005856,P04264,KRT1,TAS
0005856,P04792,HSPB1,TAS
0005856,P05109,S100A8,TAS
0005856,P06702,S100A9,TAS
0005856,P06753,TPM3,TAS
0005856,P06753,TPM3,NAS
0005856,P07437,TUBB,TAS
0005856,P07737,PFN1,IEA
0005856,P08670,VIM,TAS
0005856,P08670,VIM,IDA
0005856,P08779,KRT16,IDA
0005856,P09493,TPM1,TAS
0005856,P09769,FGR,IDA
0005856,P09972,ALDOC,IC
0005856,P0CG34,TMSB15A,IEA
0005856,P0CG35,TMSB15B,IEA
0005856,P10909,CLU,IDA
0005856,P10911,MCF2,TAS
0005856,P10916,MYL2,IDA
0005856,P11532,DMD,IEA
0005856,P12036,NEFH,IDA
0005856,P14923,JUP,ISS
0005856,P16157,ANK1,NAS
0005856,P16452,EPB42,IEA
0005856,P17600,SYN1,IDA
0005856,P18206,VCL,TAS
0005856,P21583,KITLG,IEA
0005856,P23458,JAK1,IEA
0005856,P26038,MSN,TAS
0005856,P26045,PTPN3,IEA
0005856,P27105,STOM,IDA
0005856,P27361,MAPK3,TAS
0005856,P28482,MAPK1,TAS
0005856,P29074,PTPN4,IEA
0005856,P29474,NOS3,IEA
0005856,P29475,NOS1,ISS
0005856,P29597,TYK2,IEA
0005856,P35080,PFN2,IEA
0005856,P35236,PTPN7,IEA
0005856,P35240,NF2,TAS
0005856,P35609,ACTN2,NAS
0005856,P42680,TEC,IDA
0005856,P42704,LRPPRC,IDA
0005856,P46939,UTRN,TAS
0005856,P47756,CAPZB,TAS
0005856,P49368,CCT3,TAS
0005856,P49773,HINT1,TAS
0005856,P50461,CSRP3,IEA
0005856,P50479,PDLIM4,IDA
0005856,P51911,CNN1,IDA
0005856,P52333,JAK3,IEA
0005856,P52564,MAP2K6,IEA
0005856,P52565,ARHGDIA,TAS
0005856,P52566,ARHGDIB,TAS
0005856,P52824,DGKQ,IDA
0005856,P52907,CAPZA1,TAS
0005856,P53814,SMTN,TAS
0005856,P54105,CLNS1A,IEA
0005856,P54257,HAP1,TAS
0005856,P54840,GYS2,ISS
0005856,P57076,CFAP298,IEA
0005856,P58107,EPPK1,IDA
0005856,P60673,PFN3,IEA
0005856,P60709,ACTB,ISS
0005856,P60709,ACTB,TAS
0005856,P60709,ACTB,IDA
0005856,P60880,SNAP25,IDA
0005856,P61586,RHOA,IEA
0005856,P61764,STXBP1,IEA
0005856,P62328,TMSB4X,IEA
0005856,P63261,ACTG1,ISS
0005856,P63261,ACTG1,TAS
0005856,P63313,TMSB10,IEA
0005856,P67936,TPM4,TAS
0005856,P68366,TUBA4A,IDA
0005856,P68371,TUBB4B,TAS
0005856,P80511,S100A12,TAS
0005856,P80723,BASP1,TAS
0005856,P98174,FGD1,IEA
0005856,Q00005,PPP2R2B,IEA
0005856,Q00587,CDC42EP1,IEA
0005856,Q01484,ANK2,IEA
0005856,Q02156,PRKCE,IEA
0005856,Q02952,AKAP12,IEA
0005856,Q05397,PTK2,TAS
0005856,Q05682,CALD1,TAS
0005856,Q07065,CKAP4,IEA
0005856,Q07283,TCHH,NAS
0005856,Q08AE8,SPIRE1,IEA
0005856,Q0ZGT2,NEXN,IEA
0005856,Q12923,PTPN13,IEA
0005856,Q12965,MYO1E,IDA
0005856,Q13137,CALCOCO2,IEA
0005856,Q13326,SGCG,IEA
0005856,Q13424,SNTA1,IEA
0005856,Q13464,ROCK1,ISS
0005856,Q13627,DYRK1A,IDA
0005856,Q13671,RIN1,IEA
0005856,Q13796,SHROOM2,ISS
0005856,Q13884,SNTB1,IEA
0005856,Q14003,KCNC3,IEA
0005856,Q14019,COTL1,IEA
0005856,Q14118,DAG1,IEA
0005856,Q14168,MPP2,IDA
0005856,Q14247,CTTN,TAS
0005856,Q14289,PTK2B,IEA
0005856,Q14315,FLNC,IEA
0005856,Q14764,MVP,IDA
0005856,Q14790,CASP8,TAS
0005856,Q14994,NR1I3,IEA
0005856,Q14CM0,FRMPD4,IEA
0005856,Q15334,LLGL1,TAS
0005856,Q15392,DHCR24,IEA
0005856,Q15628,TRADD,IEA
0005856,Q15642,TRIP10,IEA
0005856,Q15643,TRIP11,IEA
0005856,Q15654,TRIP6,IEA
0005856,Q15678,PTPN14,IEA
0005856,Q15814,TBCC,TAS
0005856,Q16204,CCDC6,IEA
0005856,Q16585,SGCB,IEA
0005856,Q16586,SGCA,IEA
0005856,Q16643,DBN1,IDA
0005856,Q16658,FSCN1,IDA
0005856,Q16825,PTPN21,IEA
0005856,Q2I0M4,LRRC26,IEA
0005856,Q2MV58,TCTN1,IEA
0005856,Q32MZ4,LRRFIP1,TAS
0005856,Q562R1,ACTBL2,IEA
0005856,Q5BKY1,LRRC10,IEA
0005856,Q5D1E8,ZC3H12A,IDA
0005856,Q5JQC9,AKAP4,TAS
0005856,Q5JSP0,FGD3,IEA
0005856,Q5JU00,TCTE1,IEA
0005856,Q5JV73,FRMPD3,IEA
0005856,Q5MNZ9,WIPI1,IEA
0005856,Q5QJ74,TBCEL,IEA
0005856,Q5SYB0,FRMPD1,IEA
0005856,Q5T0N5,FNBP1L,IEA
0005856,Q5T124,UBXN11,IEA
0005856,Q5VUJ9,EFCAB2,IEA
0005856,Q674X7,KAZN,IEA
0005856,Q68DX3,FRMPD2,IEA
0005856,Q6IBS0,TWF2,IEA
0005856,Q6NYC8,PPP1R18,IEA
0005856,Q6NZY7,CDC42EP5,IEA
0005856,Q6P3W2,DNAJC24,IEA
0005856,Q6PML9,SLC30A9,IDA
0005856,Q6XZF7,DNMBP,IEA
0005856,Q6ZNL6,FGD5,IEA
0005856,Q6ZSZ5,ARHGEF18,IEA
0005856,Q6ZTA4,TRIM67,IEA
0005856,Q6ZTI6,RFLNA,IEA
0005856,Q6ZU15,14-Sep,IEA
0005856,Q6ZUT3,FRMD7,IEA
0005856,Q6ZV73,FGD6,IEA
0005856,Q70E73,RAPH1,IEA
0005856,Q717R9,CYS1,IEA
0005856,Q76I76,SSH2,IEA
0005856,Q7L5Y9,MAEA,IDA
0005856,Q7Z4K8,TRIM46,IEA
0005856,Q7Z4L5,TTC21B,IEA
0005856,Q7Z5R6,APBB1IP,IEA
0005856,Q7Z6J4,FGD2,IEA
0005856,Q7Z736,PLEKHH3,IEA
0005856,Q7Z794,KRT77,IDA
0005856,Q86SG6,NEK8,IEA
0005856,Q86UC2,RSPH3,IEA
0005856,Q86UK5,EVC2,IEA
0005856,Q86XH1,IQCA1,IEA
0005856,Q86XW9,NME9,IEA
0005856,Q8IVI9,NOSTRIN,IEA
0005856,Q8IVT2,MISP,IEA
0005856,Q8IXS2,CCDC65,IEA
0005856,Q8IY82,DRC7,IEA
0005856,Q8IYX1,TBC1D21,IEA
0005856,Q8IZP0,ABI1,IEA
0005856,Q8IZW8,TNS4,IEA
0005856,Q8N264,ARHGAP24,IEA
0005856,Q8N878,FRMD1,IEA
0005856,Q8N8S7,ENAH,IEA
0005856,Q8N9B5,JMY,IEA
0005856,Q8NBH2,KY,IEA
0005856,Q8ND83,SLAIN1,IEA
0005856,Q8NEE6,FBXL13,IEA
0005856,Q8NEZ3,WDR19,IEA
0005856,Q8NF91,SYNE1,IEA
0005856,Q8NHY3,GAS2L2,IEA
0005856,Q8TAM6,ERMN,IEA
0005856,Q8TC94,ACTL9,IEA
0005856,Q8TDG2,ACTRT1,IEA
0005856,Q8TDY3,ACTRT2,IEA
0005856,Q8TE77,SSH3,IEA
0005856,Q8TEB7,RNF128,IEA
0005856,Q8TEW0,PARD3,IEA
0005856,Q8TF72,SHROOM3,ISS
0005856,Q8TF74,WIPF2,IEA
0005856,Q8WUW1,BRK1,IEA
0005856,Q8WWL2,SPIRE2,IEA
0005856,Q8WWN8,ARAP3,IEA
0005856,Q8WYL5,SSH1,IEA
0005856,Q92519,TRIB2,IEA
0005856,Q92558,WASF1,TAS
0005856,Q92599,8-Sep,IEA
0005856,Q92608,DOCK2,IEA
0005856,Q92629,SGCD,IEA
0005856,Q92797,SYMPK,IEA
0005856,Q92835,INPP5D,IEA
0005856,Q92838,EDA,TAS
0005856,Q92974,ARHGEF2,IDA
0005856,Q96B97,SH3KBP1,IEA
0005856,Q96DY2,IQCD,IEA
0005856,Q96EK5,KIF1BP,IEA
0005856,Q96FG2,ELMOD3,IEA
0005856,Q96G01,BICD1,NAS
0005856,Q96GX1,TCTN2,IEA
0005856,Q96JY6,PDLIM2,IEA
0005856,Q96LD1,SGCZ,IEA
0005856,Q96M96,FGD4,IEA
0005856,Q96NG3,TTC25,IEA
0005856,Q96PQ7,KLHL5,IEA
0005856,Q96QF0,RAB3IP,IEA
0005856,Q96RU3,FNBP1,IEA
0005856,Q96SB3,PPP1R9B,IEA
0005856,Q96SN8,CDK5RAP2,NAS
0005856,Q99439,CNN2,TAS
0005856,Q99501,GAS2L1,IEA
0005856,Q99569,PKP4,IDA
0005856,Q99615,DNAJC7,IEA
0005856,Q99719,5-Sep,IEA
0005856,Q99996,AKAP9,TAS
0005856,Q9BQL6,FERMT1,IEA
0005856,Q9BRQ4,CFAP300,IEA
0005856,Q9BSK0,MARVELD1,IEA
0005856,Q9BT04,FUZ,IEA
0005856,Q9BUZ4,TRAF4,IEA
0005856,Q9BXB5,OSBPL10,IEA
0005856,Q9BXM7,PINK1,IDA
0005856,Q9BYD9,ACTRT3,IEA
0005856,Q9BYX7,POTEKP,IEA
0005856,Q9BZ67,FRMD8,IEA
0005856,Q9BZ68,FRMD8P1,IEA
0005856,Q9BZF9,UACA,IEA
0005856,Q9C026,TRIM9,IEA
0005856,Q9C0C2,TNKS1BP1,IEA
0005856,Q9C0D2,CEP295,IDA
0005856,Q9C0H5,ARHGAP39,IEA
0005856,Q9GZN1,ACTR6,IEA
0005856,Q9H2C0,GAN,IEA
0005856,Q9H4E7,DEF6,IEA
0005856,Q9H568,ACTL8,IEA
0005856,Q9H939,PSTPIP2,IEA
0005856,Q9H9E1,ANKRA2,IEA
0005856,Q9HBH0,RHOF,NAS
0005856,Q9HBI0,PARVG,TAS
0005856,Q9HBI1,PARVB,IEA
0005856,Q9HBL0,TNS1,IEA
0005856,Q9HC29,NOD2,IDA
0005856,Q9NPE6,SPAG4,IEA
0005856,Q9NQ75,CASS4,IEA
0005856,Q9NQ86,TRIM36,IEA
0005856,Q9NQT6,FSCN3,TAS
0005856,Q9NQX3,GPHN,IEA
0005856,Q9NR64,KLHL1,IEA
0005856,Q9NRD5,PICK1,IEA
0005856,Q9NRR3,CDC42SE2,IEA
0005856,Q9NRR8,CDC42SE1,IEA
0005856,Q9NSN8,SNTG1,IDA
0005856,Q9NVD7,PARVA,IEA
0005856,Q9NY99,SNTG2,IEA
0005856,Q9NYB9,ABI2,IEA
0005856,Q9NYT0,PLEK2,IEA
0005856,Q9NZU7,CABP1,IEA
0005856,Q9P0K7,RAI14,IEA
0005856,Q9P0L2,MARK1,ISS
0005856,Q9P0N5,TMEM216,IEA
0005856,Q9P0V9,10-Sep,IEA
0005856,Q9P2K1,CC2D2A,IEA
0005856,Q9P2Q2,FRMD4A,IEA
0005856,Q9UBK9,UXT,IDA
0005856,Q9UBT7,CTNNAL1,IEA
0005856,Q9UEW8,STK39,IEA
0005856,Q9UEY8,ADD3,IEA
0005856,Q9UFD9,RIMBP3,IEA
0005856,Q9UH03,3-Sep,IEA
0005856,Q9UH65,SWAP70,IEA
0005856,Q9UH77,KLHL3,IEA
0005856,Q9UHI6,DDX20,TAS
0005856,Q9UI08,EVL,IEA
0005856,Q9UI46,DNAI1,TAS
0005856,Q9UI47,CTNNA3,IEA
0005856,Q9UJZ1,STOML2,TAS
0005856,Q9UKE5,TNIK,IDA
0005856,Q9UKZ4,TENM1,ISS
0005856,Q9ULM0,PLEKHH1,IEA
0005856,Q9UNA1,ARHGAP26,IEA
0005856,Q9UNF0,PACSIN2,IEA
0005856,Q9UPN3,MACF1,NAS
0005856,Q9UPY5,SLC7A11,IEA
0005856,Q9UPY6,WASF3,IEA
0005856,Q9Y2H9,MAST1,IEA
0005856,Q9Y2L6,FRMD4B,IEA
0005856,Q9Y471,CMAHP,IDA
0005856,Q9Y490,TLN1,IEA
0005856,Q9Y4B5,MTCL1,IDA
0005856,Q9Y4C4,MFHAS1,IDA
0005856,Q9Y4F1,FARP1,IEA
0005856,Q9Y4F9,RIPOR2,IDA
0005856,Q9Y5S2,CDC42BPB,TAS
0005856,Q9Y615,ACTL7A,IEA
0005856,Q9Y6M1,IGF2BP2,IDA
0005856,Q9Y6N9,USH1C,IEA
0005856,Q9Y6V0,PCLO,NAS
0005856,Q8IYX7,SAXO1,IBA
0005856,Q658L1,SAXO2,IBA
0005856,Q0JRZ9,FCHO2,IBA
0005856,Q9BY11,PACSIN1,IBA
0005856,O14526,FCHO1,IBA
0005856,Q9UKS6,PACSIN3,IBA
0005856,Q9UNF0,PACSIN2,IBA
0005856,Q9H939,PSTPIP2,IBA
0005856,O43586,PSTPIP1,IBA
0005856,O94844,RHOBTB1,IBA
0005856,P35611,ADD1,IBA
0005856,Q9BYZ6,RHOBTB2,IBA
0005856,O60861,GAS7,IBA
0005856,Q5BKY1,LRRC10,IBA
0005856,P35612,ADD2,IBA
0005856,Q9UEY8,ADD3,IBA
0005856,P60763,RAC3,IBA
0005856,O60662,KLHL41,IBA
0005856,Q9BQI5,SGIP1,IBA
0005856,Q4J6C6,PREPL,IBA
0005769,A0JNW5,UHRF1BP1L,IDA
0005769,A6NI56,CCDC154,IEA
0005769,A8K0Z3,WASHC1,ISS
0005769,A8K0Z3,WASHC1,IDA
0005769,A8MQ27,NEURL1B,ISS
0005769,A8MWX3,WASH4P,ISS
0005769,C4AMC7,WASH3P,ISS
0005769,C4AMC7,WASH3P,IDA
0005769,O00189,AP4M1,ISS
0005769,O00206,TLR4,IEA
0005769,O00212,RHOD,IEA
0005769,O00590,ACKR2,IEA
0005769,O14786,NRP1,ISS
0005769,O14964,HGS,IDA
0005769,O14966,RAB29,IDA
0005769,O15400,STX7,IDA
0005769,O15455,TLR3,IEA
0005769,O43255,SIAH2,IEA
0005769,O43752,STX6,IDA
0005769,O43795,MYO1B,IDA
0005769,O43820,HYAL3,ISS
0005769,O60291,MGRN1,IDA
0005769,O60296,TRAK2,IEA
0005769,O60493,SNX3,IDA
0005769,O60759,CYTIP,IEA
0005769,O60784,TOM1,IDA
0005769,O60879,DIAPH2,IEA
0005769,O60931,CTNS,IDA
0005769,O75110,ATP9A,IDA
0005769,O75129,ASTN2,IEA
0005769,O75204,TMEM127,IDA
0005769,O75365,PTP4A3,IEA
0005769,O75382,TRIM3,IEA
0005769,O75436,VPS26A,IDA
0005769,O75581,LRP6,IDA
0005769,O75923,DYSF,IDA
0005769,O75955,FLOT1,IDA
0005769,O95405,ZFYVE9,NAS
0005769,O95630,STAMBP,IEA
0005769,P01130,LDLR,IDA
0005769,P01730,CD4,TAS
0005769,P02647,APOA1,TAS
0005769,P02649,APOE,TAS
0005769,P02652,APOA2,TAS
0005769,P02655,APOC2,TAS
0005769,P02656,APOC3,TAS
0005769,P02786,TFRC,IEA
0005769,P02787,TF,IDA
0005769,P04114,APOB,TAS
0005769,P04629,NTRK1,ISS
0005769,P06727,APOA4,TAS
0005769,P07355,ANXA2,IEA
0005769,P07550,ADRB2,IEA
0005769,P07949,RET,IEA
0005769,P08588,ADRB1,IDA
0005769,P10809,HSPD1,IDA
0005769,P11717,IGF2R,IMP
0005769,P13569,CFTR,IDA
0005769,P14373,TRIM27,IEA
0005769,P15812,CD1E,IEA
0005769,P17302,GJA1,IEA
0005769,P18031,PTPN1,IDA
0005769,P19320,VCAM1,IDA
0005769,P20339,RAB5A,IDA
0005769,P25106,ACKR3,IEA
0005769,P25116,F2R,IDA
0005769,P27361,MAPK3,TAS
0005769,P28482,MAPK1,TAS
0005769,P29320,EPHA3,IDA
0005769,P30048,PRDX3,IDA
0005769,P31146,CORO1A,IEA
0005769,P31751,AKT2,IEA
0005769,P35232,PHB,IDA
0005769,P35240,NF2,IDA
0005769,P35968,KDR,ISS
0005769,P36507,MAP2K2,TAS
0005769,P40818,USP8,IDA
0005769,P49281,SLC11A2,IDA
0005769,P49754,VPS41,IEA
0005769,P49757,NUMB,IEA
0005769,P51787,KCNQ1,IDA
0005769,P51787,KCNQ1,IMP
0005769,P51790,CLCN3,IDA
0005769,P52198,RND2,IEA
0005769,P53675,CLTCL1,IDA
0005769,P55085,F2RL1,IDA
0005769,P56817,BACE1,IDA
0005769,P57729,RAB38,IDA
0005769,P57768,SNX16,IDA
0005769,P61073,CXCR4,IDA
0005769,P61106,RAB14,ISS
0005769,P62330,ARF6,IEA
0005769,P62745,RHOB,IEA
0005769,P62820,RAB1A,IEA
0005769,P62834,RAP1A,ISS
0005769,P62955,CACNG7,IEA
0005769,P98196,ATP11A,IEA
0005769,Q01484,ANK2,IEA
0005769,Q01968,OCRL,IDA
0005769,Q02750,MAP2K1,TAS
0005769,Q02818,NUCB1,IEA
0005769,Q07954,LRP1,IDA
0005769,Q0VAM2,RASGEF1B,IEA
0005769,Q12768,WASHC5,IDA
0005769,Q12974,PTP4A2,IEA
0005769,Q13286,CLN3,IDA
0005769,Q13492,PICALM,IDA
0005769,Q13636,RAB31,IDA
0005769,Q13637,RAB32,IDA
0005769,Q13905,RAPGEF1,IDA
0005769,Q14694,USP10,IDA
0005769,Q14699,RFTN1,IEA
0005769,Q15036,SNX17,IDA
0005769,Q15049,MLC1,ISS
0005769,Q15075,EEA1,IDA
0005769,Q15276,RABEP1,TAS
0005769,Q16570,ACKR1,IEA
0005769,Q16620,NTRK2,ISS
0005769,Q16853,AOC3,IDA
0005769,Q2M389,WASHC4,IEA
0005769,Q30201,HFE,IDA
0005769,Q4G0F5,VPS26B,ISS
0005769,Q567U6,CCDC93,IEA
0005769,Q5M8T2,SLC35D3,IEA
0005769,Q5R372,RABGAP1L,IDA
0005769,Q5SRD0,WASHC2D,ISS
0005769,Q5SW96,LDLRAP1,IDA
0005769,Q5T1M5,FKBP15,IEA
0005769,Q5T9L3,WLS,IDA
0005769,Q5VV43,KIAA0319,IDA
0005769,Q5VW38,GPR107,IEA
0005769,Q5VYK3,ECPAS,IDA
0005769,Q63HQ0,AP1AR,IEA
0005769,Q641Q2,WASHC2A,ISS
0005769,Q6ICB4,PHETA2,IDA
0005769,Q6IQ20,NAPEPLD,ISS
0005769,Q6UWI2,PARM1,IDA
0005769,Q6UXF1,TMEM108,ISS
0005769,Q6VEQ5,WASH2P,ISS
0005769,Q6XR72,SLC30A10,IDA
0005769,Q6ZNL6,FGD5,IEA
0005769,Q7RTP0,NIPA1,IEA
0005769,Q7Z3J2,C16orf62,IEA
0005769,Q7Z3T8,ZFYVE16,IDA
0005769,Q86VI4,LAPTM4B,IDA
0005769,Q86YJ7,ANKRD13B,IEA
0005769,Q8IUQ4,SIAH1,IEA
0005769,Q8IVY1,C1orf210,IEA
0005769,Q8IWB7,WDFY1,IDA
0005769,Q8IWU2,LMTK2,IDA
0005769,Q8N3F8,MICALL1,IDA
0005769,Q8N3P4,VPS8,IDA
0005769,Q8N4B1,PHETA1,IDA
0005769,Q8N4V1,MMGT1,ISS
0005769,Q8N668,COMMD1,IDA
0005769,Q8N8Q9,NIPA2,IEA
0005769,Q8NBP7,PCSK9,IDA
0005769,Q8NCT1,ARRDC4,IEA
0005769,Q8NFT2,STEAP2,IDA
0005769,Q8NFT8,DNER,IDA
0005769,Q8TB24,RIN3,IDA
0005769,Q8TBP0,TBC1D16,IDA
0005769,Q8TDB6,DTX3L,IDA
0005769,Q8TDQ0,HAVCR2,IEA
0005769,Q8WUH2,TGFBRAP1,IDA
0005769,Q92186,ST8SIA2,IEA
0005769,Q92544,TM9SF4,IDA
0005769,Q92622,RUBCN,IDA
0005769,Q92673,SORL1,IMP
0005769,Q92673,SORL1,IDA
0005769,Q93096,PTP4A1,IEA
0005769,Q96A57,TMEM230,IDA
0005769,Q96AX1,VPS33A,IDA
0005769,Q96AX9,MIB2,IEA
0005769,Q96B67,ARRDC3,IEA
0005769,Q96BR1,SGK3,IEA
0005769,Q96C92,SDCCAG3,IDA
0005769,Q96J02,ITCH,IDA
0005769,Q96L92,SNX27,IDA
0005769,Q96L93,KIF16B,IDA
0005769,Q96NW4,ANKRD27,IDA
0005769,Q96P53,WDFY2,IDA
0005769,Q96Q42,ALS2,IDA
0005769,Q96QK1,VPS35,IDA
0005769,Q96S38,RPS6KC1,IDA
0005769,Q99523,SORT1,IDA
0005769,Q99527,GPER1,IDA
0005769,Q99816,TSG101,IDA
0005769,Q99962,SH3GL2,ISS
0005769,Q9BUN8,DERL1,IEA
0005769,Q9BV40,VAMP8,TAS
0005769,Q9BVN2,RUSC1,ISS
0005769,Q9BW19,KIFC1,IEA
0005769,Q9BXF6,RAB11FIP5,ISS
0005769,Q9GZP9,DERL2,IEA
0005769,Q9H269,VPS16,IDA
0005769,Q9H270,VPS11,IDA
0005769,Q9H3S7,PTPN23,IDA
0005769,Q9H5N1,RABEP2,IEA
0005769,Q9H7P6,MVB12B,IDA
0005769,Q9H9C1,VIPAS39,IDA
0005769,Q9HD42,CHMP1A,IDA
0005769,Q9NP78,ABCB9,IDA
0005769,Q9NPB9,ACKR4,IEA
0005769,Q9NQA3,WASH6P,ISS
0005769,Q9P253,VPS18,IEA
0005769,Q9P2R3,ANKFY1,IDA
0005769,Q9P2Y5,UVRAG,IDA
0005769,Q9UBQ0,VPS29,IEA
0005769,Q9UHC6,CNTNAP2,IDA
0005769,Q9UJ41,RABGEF1,IMP
0005769,Q9UJ55,MAGEL2,IEA
0005769,Q9UJU6,DBNL,IEA
0005769,Q9UK41,VPS28,IDA
0005769,Q9UKG1,APPL1,ISS
0005769,Q9UKP6,UTS2R,IEA
0005769,Q9UL26,RAB22A,IDA
0005769,Q9UMY4,SNX12,IDA
0005769,Q9UN37,VPS4A,IDA
0005769,Q9UNF0,PACSIN2,IEA
0005769,Q9UNK0,STX8,IDA
0005769,Q9UPV9,TRAK1,IDA
0005769,Q9UQV4,LAMP3,IDA
0005769,Q9Y2G3,ATP11B,IEA
0005769,Q9Y2H2,INPP5F,IDA
0005769,Q9Y2I1,NISCH,IEA
0005769,Q9Y328,NSG2,ISS
0005769,Q9Y3C0,WASHC3,IEA
0005769,Q9Y3C5,RNF11,IEA
0005769,Q9Y4E1,WASHC2C,IDA
0005769,Q9Y4I1,MYO5A,IDA
0005769,Q9Y5C1,ANGPTL3,IEA
0005769,Q9Y5S8,NOX1,IDA
0005769,Q9Y5W8,SNX13,IDA
0005769,Q9Y5X9,LIPG,IDA
0005769,Q9Y6W5,WASF2,IEA
0005769,Q96NW4,ANKRD27,IBA
0005769,Q8N4V1,MMGT1,IBA
0005769,Q9NW61,PLEKHJ1,IBA
0005769,P51795,CLCN5,IBA
0005769,K7ERQ8,K7ERQ8,IBA
0005769,Q8N9S9,SNX31,IBA
0005769,P61106,RAB14,IBA
0005769,Q9BXF6,RAB11FIP5,IBA
0005769,Q96L92,SNX27,IBA
0005769,Q14694,USP10,IBA
0005769,Q96S38,RPS6KC1,IBA
0005769,Q01968,OCRL,IBA
0005769,P51793,CLCN4,IBA
0005769,Q8TBP0,TBC1D16,IBA
0005769,Q6ICB4,PHETA2,IBA
0005769,O95405,ZFYVE9,IBA
0005769,P51148,RAB5C,IBA
0005769,Q9UL26,RAB22A,IBA
0005769,P61020,RAB5B,IBA
0005769,Q9H0T7,RAB17,IBA
0005769,Q8IVG5,SAMD9L,IBA
0005769,Q8N4B1,PHETA1,IBA
0005769,Q92544,TM9SF4,IBA
0005769,P51790,CLCN3,IBA
0005769,Q8N8Y2,ATP6V0D2,IBA
0005769,Q16853,AOC3,IBA
0005769,Q15036,SNX17,IBA
0005769,P61421,ATP6V0D1,IBA
0005769,Q9NX57,RAB20,IBA
0005769,Q7Z3T8,ZFYVE16,IBA
0005769,P20339,RAB5A,IBA
0005769,P11717,IGF2R,IBA
0005769,Q9UL25,RAB21,IBA
0005769,Q9Y2H2,INPP5F,IBA
0005768,A5D8T8,CLEC18A,TAS
0005768,O14525,ASTN1,IEA
0005768,O14964,HGS,IDA
0005768,O15144,ARPC2,IEA
0005768,O15243,LEPROT,IDA
0005768,O15400,STX7,IDA
0005768,O15498,YKT6,IDA
0005768,O15511,ARPC5,IEA
0005768,O60664,PLIN3,TAS
0005768,O60749,SNX2,IDA
0005768,O60784,TOM1,IDA
0005768,O60826,CCDC22,IEA
0005768,O75154,RAB11FIP3,IDA
0005768,O75340,PDCD6,IEA
0005768,O75351,VPS4B,IDA
0005768,O75379,VAMP4,TAS
0005768,O75436,VPS26A,IDA
0005768,O75674,TOM1L1,IDA
0005768,O75791,GRAP2,IDA
0005768,O75901,RASSF9,IDA
0005768,O75914,PAK3,IEA
0005768,O75923,DYSF,IDA
0005768,O75955,FLOT1,IDA
0005768,O94832,MYO1D,ISS
0005768,O95741,CPNE6,IEA
0005768,P00533,EGFR,IDA
0005768,P01138,NGF,TAS
0005768,P02786,TFRC,IDA
0005768,P04083,ANXA1,IDA
0005768,P04629,NTRK1,TAS
0005768,P05023,ATP1A1,IEA
0005768,P05067,APP,IDA
0005768,P06241,FYN,IDA
0005768,P07355,ANXA2,IDA
0005768,P07550,ADRB2,TAS
0005768,P08138,NGFR,TAS
0005768,P08842,STS,TAS
0005768,P09429,HMGB1,IEA
0005768,P11717,IGF2R,IDA
0005768,P12821,ACE,IDA
0005768,P12830,CDH1,IEA
0005768,P13498,CYBA,IEA
0005768,P14091,CTSE,IDA
0005768,P14373,TRIM27,IDA
0005768,P14784,IL2RB,TAS
0005768,P15311,EZR,IDA
0005768,P15328,FOLR1,IEA
0005768,P17405,SMPD1,IDA
0005768,P17948,FLT1,IEA
0005768,P18825,ADRA2C,TAS
0005768,P20062,TCN2,TAS
0005768,P20336,RAB3A,IEA
0005768,P20339,RAB5A,ISS
0005768,P20645,M6PR,IDA
0005768,P21453,S1PR1,IEA
0005768,P22455,FGFR4,IEA
0005768,P22888,LHCGR,TAS
0005768,P23458,JAK1,TAS
0005768,P24941,CDK2,IDA
0005768,P25106,ACKR3,IDA
0005768,P27352,GIF,IDA
0005768,P27352,GIF,TAS
0005768,P28799,GRN,IDA
0005768,P30411,BDKRB2,IDA
0005768,P30518,AVPR2,TAS
0005768,P30533,LRPAP1,IDA
0005768,P30622,CLIP1,TAS
0005768,P31785,IL2RG,TAS
0005768,P32121,ARRB2,IEA
0005768,P34998,CRHR1,IEA
0005768,P35052,GPC1,IEA
0005768,P35372,OPRM1,ISS
0005768,P35968,KDR,IDA
0005768,P36543,ATP6V1E1,ISS
0005768,P36897,TGFBR1,IEA
0005768,P37288,AVPR1A,TAS
0005768,P40933,IL15,TAS
0005768,P41586,ADCYAP1R1,IEA
0005768,P41743,PRKCI,IEA
0005768,P42857,NSG1,ISS
0005768,P42892,ECE1,IDA
0005768,P45844,ABCG1,ISS
0005768,P46109,CRKL,TAS
0005768,P46527,CDKN1B,IEA
0005768,P47871,GCGR,IEA
0005768,P47901,AVPR1B,TAS
0005768,P49407,ARRB1,IEA
0005768,P49685,GPR15,IDA
0005768,P50570,DNM2,IEA
0005768,P50993,ATP1A2,IEA
0005768,P51148,RAB5C,IDA
0005768,P51681,CCR5,IDA
0005768,P52333,JAK3,TAS
0005768,P52824,DGKQ,IDA
0005768,P56817,BACE1,IDA
0005768,P61020,RAB5B,IDA
0005768,P61026,RAB10,IDA
0005768,P61586,RHOA,IMP
0005768,P62330,ARF6,TAS
0005768,P62330,ARF6,IDA
0005768,P62993,GRB2,IDA
0005768,Q00610,CLTC,IDA
0005768,Q03135,CAV1,IDA
0005768,Q04900,CD164,IDA
0005768,Q05513,PRKCZ,IEA
0005768,Q06495,SLC34A1,IEA
0005768,Q07912,TNK2,ISS
0005768,Q12846,STX4,IDA
0005768,Q13114,TRAF3,IEA
0005768,Q13239,SLA,IEA
0005768,Q13261,IL15RA,TAS
0005768,Q13393,PLD1,IDA
0005768,Q13596,SNX1,IDA
0005768,Q13639,HTR4,IEA
0005768,Q13829,TNFAIP1,IDA
0005768,Q13905,RAPGEF1,TAS
0005768,Q14254,FLOT2,IDA
0005768,Q14457,BECN1,IDA
0005768,Q14654,KCNJ11,IEA
0005768,Q14699,RFTN1,IDA
0005768,Q14C86,GAPVD1,IEA
0005768,Q15036,SNX17,IDA
0005768,Q15049,MLC1,IDA
0005768,Q15276,RABEP1,IDA
0005768,Q16512,PKN1,IDA
0005768,Q16602,CALCRL,IDA
0005768,Q16849,PTPRN,ISS
0005768,Q2M389,WASHC4,IDA
0005768,Q3MJ13,WDR72,IEA
0005768,Q56VL3,OCIAD2,IEA
0005768,Q5JTD0,TJAP1,IEA
0005768,Q5S007,LRRK2,ISS
0005768,Q5SYC1,CLVS2,IDA
0005768,Q5T0T0,8-Mar,IDA
0005768,Q6UXF7,CLEC18B,TAS
0005768,Q6Y7W6,GIGYF2,IDA
0005768,Q6ZMB5,TMEM184A,ISS
0005768,Q7L804,RAB11FIP2,IDA
0005768,Q7Z3C6,ATG9A,IDA
0005768,Q7Z6M1,RABEPK,TAS
0005768,Q86UD3,3-Mar,IDA
0005768,Q86VI4,LAPTM4B,IDA
0005768,Q86VN1,VPS36,IDA
0005768,Q86XP1,DGKH,IDA
0005768,Q86YS3,RAB11FIP4,IDA
0005768,Q8IUQ0,CLVS1,IDA
0005768,Q8IY95,TMEM192,IDA
0005768,Q8IZ08,GPR135,IDA
0005768,Q8N3D4,EHBP1L1,IEA
0005768,Q8NCF0,CLEC18C,TAS
0005768,Q8NCT1,ARRDC4,IDA
0005768,Q8ND25,ZNRF1,IDA
0005768,Q8NDI1,EHBP1,IEA
0005768,Q8NEV8,EXPH5,IDA
0005768,Q8TCQ1,1-Mar,IDA
0005768,Q8TE54,SLC26A7,IDA
0005768,Q8WU20,FRS2,TAS
0005768,Q8WXA3,RUFY2,ISS
0005768,Q92633,LPAR1,IDA
0005768,Q92673,SORL1,IDA
0005768,Q93045,STMN2,IEA
0005768,Q96AJ9,VTI1A,ISS
0005768,Q96AW1,VOPP1,IDA
0005768,Q96B67,ARRDC3,IDA
0005768,Q96C24,SYTL4,IDA
0005768,Q96C92,SDCCAG3,IDA
0005768,Q96HB5,CCDC120,IEA
0005768,Q96L92,SNX27,IC
0005768,Q96L93,KIF16B,IDA
0005768,Q96LT7,C9orf72,IDA
0005768,Q96NT0,CCDC115,IEA
0005768,Q96QK1,VPS35,IDA
0005768,Q96S99,PLEKHF1,IDA
0005768,Q96T51,RUFY1,IDA
0005768,Q99726,SLC30A3,TAS
0005768,Q99805,TM9SF2,TAS
0005768,Q99816,TSG101,IDA
0005768,Q9BQG1,SYT3,IDA
0005768,Q9BSA9,TMEM175,IDA
0005768,Q9BTU6,PI4K2A,ISS
0005768,Q9BY43,CHMP4A,IDA
0005768,Q9BZC7,ABCA2,IDA
0005768,Q9BZJ7,GPR62,IDA
0005768,Q9BZJ8,GPR61,IDA
0005768,Q9H0A6,RNF32,IDA
0005768,Q9H1C4,UNC93B1,ISS
0005768,Q9H1C4,UNC93B1,IDA
0005768,Q9H1K0,RBSN,NAS
0005768,Q9H270,VPS11,IDA
0005768,Q9H3S7,PTPN23,IDA
0005768,Q9H444,CHMP4B,IDA
0005768,Q9H4A6,GOLPH3,IEA
0005768,Q9H9H4,VPS37B,IDA
0005768,Q9HBG4,ATP6V0A4,ISS
0005768,Q9NP58,ABCB6,ISS
0005768,Q9NQE7,PRSS16,IDA
0005768,Q9NR09,BIRC6,IDA
0005768,Q9NR96,TLR9,ISS
0005768,Q9NTI2,ATP8A2,IEA
0005768,Q9NUM4,TMEM106B,IDA
0005768,Q9NX40,OCIAD1,ISS
0005768,Q9NYA4,MTMR4,IDA
0005768,Q9NYK1,TLR7,ISS
0005768,Q9NYM9,BET1L,IDA
0005768,Q9P2R3,ANKFY1,IDA
0005768,Q9UBF8,PI4KB,TAS
0005768,Q9UBP0,SPAST,IDA
0005768,Q9UBQ0,VPS29,IDA
0005768,Q9UIL1,SCOC,IDA
0005768,Q9UJ55,MAGEL2,IDA
0005768,Q9UK41,VPS28,IDA
0005768,Q9UL25,RAB21,IDA
0005768,Q9ULJ7,ANKRD50,IEA
0005768,Q9ULQ1,TPCN1,TAS
0005768,Q9ULX5,RNF112,ISS
0005768,Q9UN37,VPS4A,IDA
0005768,Q9UNK0,STX8,IDA
0005768,Q9UQN3,CHMP2B,IDA
0005768,Q9Y328,NSG2,ISS
0005768,Q9Y4E1,WASHC2C,IDA
0005768,Q9Y5W9,SNX11,IDA
0005768,Q9Y5Z0,BACE2,IEA
0005768,Q8NEB9,PIK3C3,IBA
0005768,Q9Y328,NSG2,IBA
0005768,Q13596,SNX1,IBA
0005768,O15243,LEPROT,IBA
0005768,P20339,RAB5A,IBA
0005768,P61026,RAB10,IBA
0005768,Q9H0T7,RAB17,IBA
0005768,Q9NX57,RAB20,IBA
0005768,Q9BSA9,TMEM175,IBA
0005768,Q96FJ0,STAMBPL1,IBA
0005768,Q63HQ0,AP1AR,IBA
0005768,P56817,BACE1,IBA
0005768,Q96E17,RAB3C,IBA
0005768,O75901,RASSF9,IBA
0005768,Q5S007,LRRK2,IBA
0005768,Q4G0F5,VPS26B,IBA
0005768,O95630,STAMBP,IBA
0005768,O43493,TGOLN2,IBA
0005768,Q687X5,STEAP4,IBA
0005768,Q5JWR5,DOPEY1,IBA
0005768,P51148,RAB5C,IBA
0005768,Q6NZ63,STEAP1B,IBA
0005768,Q8N668,COMMD1,IBA
0005768,Q658P3,STEAP3,IBA
0005768,P20337,RAB3B,IBA
0005768,Q9Y5Z0,BACE2,IBA
0005768,Q9BTU6,PI4K2A,IBA
0005768,P61018,RAB4B,IBA
0005768,Q8NEV8,EXPH5,IBA
0005768,Q9Y3R5,DOPEY2,IBA
0005768,P42857,NSG1,IBA
0005768,Q8TCG2,PI4K2B,IBA
0005768,P20336,RAB3A,IBA
0005768,E9PAM4,E9PAM4,IBA
0005768,Q9NQE7,PRSS16,IBA
0005768,P51790,CLCN3,IBA
0005768,Q04900,CD164,IBA
0005768,P20338,RAB4A,IBA
0005768,P59190,RAB15,IBA
0005768,Q7L804,RAB11FIP2,IBA
0005768,Q15907,RAB11B,IBA
0005768,Q2M389,WASHC4,IBA
0005768,Q9H269,VPS16,IBA
0005768,G5E9Z4,PI4K2B,IBA
0005768,Q9H1C4,UNC93B1,IBA
0005768,Q8IUQ0,CLVS1,IBA
0005768,P62491,RAB11A,IBA
0005768,A0A0A6YYJ2,NSG1,IBA
0005768,O75436,VPS26A,IBA
0005768,Q9NYX4,CALY,IBA
0005768,O14972,DSCR3,IBA
0005768,Q969Q5,RAB24,IBA
0005768,P61020,RAB5B,IBA
0005768,P51795,CLCN5,IBA
0005768,Q5SYC1,CLVS2,IBA
0005768,O95716,RAB3D,IBA
0005768,P62330,ARF6,IBA
0005768,P14091,CTSE,IBA
0005768,Q9P253,VPS18,IBA
0005768,P61006,RAB8A,IBA
0005768,Q8NFT2,STEAP2,IBA
0005768,Q8N2U9,PQLC1,IBA
0005768,Q9UHE8,STEAP1,IBA
0005768,O75110,ATP9A,IBA
0005768,E5RGE8,HMP19,IBA
0005768,O60749,SNX2,IBA
0005768,K7ERQ8,K7ERQ8,IBA
0005768,O43861,ATP9B,IBA
0005768,Q92930,RAB8B,IBA
0005768,P51793,CLCN4,IBA
0005768,Q96LT7,C9orf72,IBA
0005768,Q9H270,VPS11,IBA
0005768,Q9UBQ0,VPS29,IBA
0005768,O95214,LEPROTL1,IBA
0005768,P57735,RAB25,IBA
0070506,Q86SU0,ILDR1,IEA
0070506,Q8WTV0,SCARB1,IMP
0070506,Q8WTV0,SCARB1,IDA
0070287,Q6ZMJ2,SCARA5,ISS
0004998,P02786,TFRC,IC
0004998,P02786,TFRC,NAS
0004998,P02786,TFRC,IDA
0004998,Q9UP52,TFR2,NAS
0004998,Q9UP52,TFR2,IDA
0004873,P07306,ASGR1,IEA
0004873,P07307,ASGR2,TAS
0020028,O60494,CUBN,IBA
0150024,P16671,CD36,IMP
0150025,P16671,CD36,IMP
0044351,P49137,MAPKAPK2,ISS
0044351,P50570,DNM2,IEA
0044351,Q16644,MAPKAPK3,ISS
0044351,Q5VZK9,CARMIL1,IDA
0044351,Q8WV41,SNX33,IMP
0044351,Q92608,DOCK2,ISS
0044351,Q9BZG1,RAB34,IDA
0044351,Q9ULZ3,PYCARD,ISS
0005041,O75581,LRP6,IDA
0005041,P01130,LDLR,TAS
0005041,P01130,LDLR,IC
0005041,P01130,LDLR,IDA
0005041,P01130,LDLR,IMP
0005041,P16671,CD36,IMP
0005041,P16671,CD36,TAS
0005041,P98155,VLDLR,TAS
0005041,P98164,LRP2,TAS
0005041,Q07954,LRP1,TAS
0005041,Q14114,LRP8,TAS
0005041,Q7Z4F1,LRP10,IEA
0005041,Q8WWQ8,STAB2,IDA
0005041,Q92673,SORL1,TAS
0005041,Q9H2A7,CXCL16,ISS
0005041,Q9NY15,STAB1,IDA
0005041,Q9Y561,LRP12,NAS
0005041,Q8WWQ8,STAB2,IBA
0005041,O75581,LRP6,IBA
0005041,Q9H2A7,CXCL16,IBA
0005044,A0A2R8Y3M9,A0A2R8Y3M9,IEA
0005044,A1L4H1,SSC5D,ISS
0005044,O00590,ACKR2,IMP
0005044,O14638,ENPP3,IEA
0005044,O15393,TMPRSS2,IEA
0005044,O43866,CD5L,IEA
0005044,P04004,VTN,IEA
0005044,P05156,CFI,IEA
0005044,P06127,CD5,IEA
0005044,P16671,CD36,TAS
0005044,P21128,ENDOU,IEA
0005044,P21757,MSR1,TAS
0005044,P22413,ENPP1,IEA
0005044,P25106,ACKR3,IMP
0005044,P30203,CD6,IEA
0005044,P56730,PRSS12,IEA
0005044,P57727,TMPRSS3,IEA
0005044,P58215,LOXL3,IEA
0005044,P98073,TMPRSS15,IEA
0005044,Q07954,LRP1,TAS
0005044,Q08380,LGALS3BP,IEA
0005044,Q13822,ENPP2,IEA
0005044,Q14108,SCARB2,TAS
0005044,Q14162,SCARF1,IDA
0005044,Q15109,AGER,TAS
0005044,Q4G0T1,Q4G0T1,IEA
0005044,Q5KU26,COLEC12,TAS
0005044,Q6AZY7,SCARA3,TAS
0005044,Q6ZMJ2,SCARA5,IEA
0005044,Q86VB7,CD163,NAS
0005044,Q8IVN8,SBSPON,IEA
0005044,Q8WTU2,SSC4D,IEA
0005044,Q8WTV0,SCARB1,TAS
0005044,Q8WWQ8,STAB2,IDA
0005044,Q92954,PRG4,IEA
0005044,Q96JB6,LOXL4,IEA
0005044,Q96JK4,HHIPL1,IEA
0005044,Q96JS3,PGBD1,IEA
0005044,Q96KG7,MEGF10,IDA
0005044,Q9BYE2,TMPRSS13,IEA
0005044,Q9GZM7,TINAGL1,IEA
0005044,Q9H2A7,CXCL16,TAS
0005044,Q9H3S3,TMPRSS5,IEA
0005044,Q9NPB9,ACKR4,IEA
0005044,Q9NR16,CD163L1,IEA
0005044,Q9NRS4,TMPRSS4,IEA
0005044,Q9NY15,STAB1,IDA
0005044,Q9UEW3,MARCO,IEA
0005044,Q9UGM3,DMBT1,TAS
0005044,Q9UGM3,DMBT1,NAS
0005044,Q9UGT4,SUSD2,IEA
0005044,Q9UJW2,TINAG,IEA
0005044,Q9Y4K0,LOXL2,IEA
0005044,Q9H2A7,CXCL16,IBA
0016964,Q07954,LRP1,TAS
0016964,Q07954,LRP1,IMP
0016185,Q05193,DNM1,IEA
0016185,Q9UQ16,DNM3,IEA
0016185,Q9UQ16,DNM3,IBA
0016185,Q05193,DNM1,IBA
0016185,P50570,DNM2,IBA
0070685,Q9Y5X3,SNX5,IDA
0031091,O00186,STXBP3,IDA
0031091,P02671,FGA,IDA
0031091,P02675,FGB,IDA
0031091,P02679,FGG,IDA
0031091,P04275,VWF,NAS
0031091,P05154,SERPINA5,IDA
0031091,P07093,SERPINE2,IDA
0031091,P07093,SERPINE2,IMP
0031091,P07996,THBS1,IDA
0031091,P09486,SPARC,IDA
0031091,P35442,THBS2,IDA
0031091,P51809,VAMP7,IDA
0031091,P61764,STXBP1,IDA
0031091,Q86YW5,TREML1,IEA
0031091,Q9H267,VPS33B,IDA
0031091,P35442,THBS2,IBA
0031091,P07996,THBS1,IBA
